title,category,license,author,asset_url
Kenney Prototype Tools,3D Tools,CC0,MrMinimal,https://godotengine.org/asset-library/asset/1086
.nw Level Importer,2D Tools,MIT,irxzirox,https://godotengine.org/asset-library/asset/2252
2.5D Sprite Rotator,Scripts,MIT,styr0x,https://godotengine.org/asset-library/asset/2116
2.5D World Map with Selection,Templates,MIT,RafGro,https://godotengine.org/asset-library/asset/993
2048 Demo,Demos,MIT,DrunkBull,https://godotengine.org/asset-library/asset/1577
2090s Language System,Scripts,Apache-2.0,NeroNekro,https://godotengine.org/asset-library/asset/2458
2090s Storage System,Scripts,Apache-2.0,NeroNekro,https://godotengine.org/asset-library/asset/2441
2D Camera Controller Singleton / with Dev Tools,2D Tools,GPLv3,jessejburton,https://godotengine.org/asset-library/asset/893
2D Camera Limiter,2D Tools,MIT,markopolodev,https://godotengine.org/asset-library/asset/242
2D Dodge The Creeps Demo,Demos,MIT,Godot Engine,https://godotengine.org/asset-library/asset/515
2D Dodge The Creeps Demo (Mono version),Demos,MIT,Godot Engine,https://godotengine.org/asset-library/asset/534
2D Dungeon Generator,2D Tools,MIT,halfwaywrong,https://godotengine.org/asset-library/asset/97
2D Finite State Machine Demo,Demos,MIT,Godot Engine,https://godotengine.org/asset-library/asset/516
2D Flipscreen Library with Scrolling,Templates,MIT,chucklepie,https://godotengine.org/asset-library/asset/952
2D Flocking Demo,Demos,GPLv3,meloonics,https://godotengine.org/asset-library/asset/488
2D GD Paint Demo,Demos,MIT,Godot Engine,https://godotengine.org/asset-library/asset/517
2D HDR Demo,Demos,MIT,Godot Engine,https://godotengine.org/asset-library/asset/110
2D Hexagonal Map Demo,Demos,MIT,Godot Engine,https://godotengine.org/asset-library/asset/111
2D in 3D Demo,Demos,MIT,Godot Engine,https://godotengine.org/asset-library/asset/129
2D Isometric Demo,Demos,MIT,Godot Engine,https://godotengine.org/asset-library/asset/112
2D Kinematic Character Demo,Demos,MIT,Godot Engine,https://godotengine.org/asset-library/asset/113
2D Kinematic Character Demo CS,Demos,MIT,MugenTwo,https://godotengine.org/asset-library/asset/494
2D Light Masks Demo,Demos,MIT,Godot Engine,https://godotengine.org/asset-library/asset/115
2D Lights and Shadows Demo,Demos,MIT,Godot Engine,https://godotengine.org/asset-library/asset/116
2D Movement Controller (C#),Templates,MIT,leoyzhang,https://godotengine.org/asset-library/asset/4011
2D Navigation Astar Demo,Demos,MIT,Godot Engine,https://godotengine.org/asset-library/asset/519
2D Navigation Astar Demo CS,Demos,MIT,MugenTwo,https://godotengine.org/asset-library/asset/684
2D Navigation Demo,Demos,MIT,Godot Engine,https://godotengine.org/asset-library/asset/117
2D Navigation Demo CS,Demos,MIT,MugenTwo,https://godotengine.org/asset-library/asset/492
2D outline shader,Shaders,MIT,Julian-Vos,https://godotengine.org/asset-library/asset/2829
2D outline shader,Shaders,MIT,Julian-Vos,https://godotengine.org/asset-library/asset/2830
2D Particles Demo,Demos,MIT,Godot Engine,https://godotengine.org/asset-library/asset/118
2D Physics Platformer Demo (RigidBody),Demos,MIT,Godot Engine,https://godotengine.org/asset-library/asset/119
2D Physics Platformer Demo (Rigidbody) CS,Demos,MIT,MugenTwo,https://godotengine.org/asset-library/asset/553
2D Platformer Demo (KinematicBody),Demos,MIT,Godot Engine,https://godotengine.org/asset-library/asset/120
2D Platformer Pathfinding Tool,2D Tools,MIT,Lestavol,https://godotengine.org/asset-library/asset/4061
2D Role Playing Game Demo,Demos,MIT,Godot Engine,https://godotengine.org/asset-library/asset/520
2D Screen-Space Shaders Demo,Demos,MIT,Godot Engine,https://godotengine.org/asset-library/asset/122
2D Sprite Shaders Demo,Demos,MIT,Godot Engine,https://godotengine.org/asset-library/asset/522
2D Tools,2D Tools,MIT,KoppiGames,https://godotengine.org/asset-library/asset/3368
3D Animated Robot,Misc,CC0,Golden,https://godotengine.org/asset-library/asset/344
3D Course Editor,Templates,MIT,arlez80,https://godotengine.org/asset-library/asset/982
3D FPP Interaction Template,Templates,MIT,RadMatt,https://godotengine.org/asset-library/asset/195
3D Hover canvasitem,Shaders,MIT,sivabalan,https://godotengine.org/asset-library/asset/3874
3D in 2D Demo,Demos,MIT,Godot Engine,https://godotengine.org/asset-library/asset/128
3D Inverse Kinematics Demo,Demos,MIT,Godot Engine,https://godotengine.org/asset-library/asset/523
3D Kinematic Character Demo CS,Demos,MIT,MugenTwo,https://godotengine.org/asset-library/asset/685
3D Material Testers Demo,Demos,MIT,Godot Engine,https://godotengine.org/asset-library/asset/123
3D Navmesh Demo,Demos,MIT,Godot Engine,https://godotengine.org/asset-library/asset/124
3D Platformer - Starter,Templates,MIT,Silver Demon Studios,https://godotengine.org/asset-library/asset/2191
3D Platformer Demo,Demos,MIT,Godot Engine,https://godotengine.org/asset-library/asset/125
3D print shader,Shaders,Unlicense,q8geek,https://godotengine.org/asset-library/asset/2437
3D Tiles For Godot,3D Tools,Apache-2.0,BattleRoadLabs,https://godotengine.org/asset-library/asset/3976
3D Trail in C#,Scripts,Unlicense,q8geek,https://godotengine.org/asset-library/asset/2150
3D Truck Town Demo,Demos,MIT,Godot Engine,https://godotengine.org/asset-library/asset/524
766 Color Palette Swap Shader,Shaders,MIT,AlbGD,https://godotengine.org/asset-library/asset/671
A Star 2D Grid Node,2D Tools,MIT,Firemanarg,https://godotengine.org/asset-library/asset/1799
AABB Static BoxCollider from Mesh,3D Tools,MIT,rybadour,https://godotengine.org/asset-library/asset/3059
abfi: Allegro Bitmap Font Importer,Tools,MIT,snoopdouglas,https://godotengine.org/asset-library/asset/598
Achievement System,Tools,MIT,5FB5,https://godotengine.org/asset-library/asset/1004
Acro's Hitboxes,2D Tools,MIT,acroprojects,https://godotengine.org/asset-library/asset/1198
AdaptiSound,Tools,MIT,Mr. Walkman,https://godotengine.org/asset-library/asset/1983
AdMob,Tools,MIT,poing.studios,https://godotengine.org/asset-library/asset/2063
AdMob,Tools,MIT,poing.studios,https://godotengine.org/asset-library/asset/1108
AdMob (Legacy 3.3),Tools,MIT,poing.studios,https://godotengine.org/asset-library/asset/933
AdMob (v2) (Legacy Godot 4.0),Tools,MIT,poing.studios,https://godotengine.org/asset-library/asset/1701
Advanced Inspector Exporter,Tools,MIT,Multirious,https://godotengine.org/asset-library/asset/1331
AES in GDScript,Scripts,MIT,beamer159,https://godotengine.org/asset-library/asset/285
AI Assistants For Godot 4,Scripts,MIT,GrandpaEJ,https://godotengine.org/asset-library/asset/4075
Airplane Mouse Controls,Demos,MIT,ed3800,https://godotengine.org/asset-library/asset/2420
Android Geolocation Plugin,Tools,MIT,cengkarim@gmail.com,https://godotengine.org/asset-library/asset/3320
Android Godot Plugin Template,Templates,MIT,fernan2cas96,https://godotengine.org/asset-library/asset/1155
Android IAP Demo,Demos,MIT,Godot Engine,https://godotengine.org/asset-library/asset/532
Anima,Tools,MIT,ceceppa,https://godotengine.org/asset-library/asset/852
Animated Bow,Misc,BSL-1.0,ImageParSeconde,https://godotengine.org/asset-library/asset/1082
Animated Box Container,2D Tools,MIT,halyulx,https://godotengine.org/asset-library/asset/3952
Animated LowPoly Pistol,Misc,BSL-1.0,ImageParSeconde,https://godotengine.org/asset-library/asset/1047
Animated LowPoly Skeleton,Misc,BSL-1.0,ImageParSeconde,https://godotengine.org/asset-library/asset/1016
Animated LowPoly Slime,Misc,BSL-1.0,ImageParSeconde,https://godotengine.org/asset-library/asset/1009
Animated Panel Container,2D Tools,MIT,halyulx,https://godotengine.org/asset-library/asset/3928
Animated Zombie,Misc,BSL-1.0,ImageParSeconde,https://godotengine.org/asset-library/asset/1081
Animation Folder Loader,Tools,MIT,yousef200.7,https://godotengine.org/asset-library/asset/3813
Animation Frame Picker,2D Tools,MIT,AniMesuro,https://godotengine.org/asset-library/asset/697
AntiSpecularNoise,Shaders,MIT,DrunkBull,https://godotengine.org/asset-library/asset/1520
Arc Dark theme,Misc,MIT,Geequlim,https://godotengine.org/asset-library/asset/20
AreaProber2D,2D Tools,MIT,Strauji,https://godotengine.org/asset-library/asset/1065
Array Modifier,Tools,Unlicense,miskatonicstudio,https://godotengine.org/asset-library/asset/1012
Array Modifier,Tools,Unlicense,miskatonicstudio,https://godotengine.org/asset-library/asset/1743
Arrows,2D Tools,MIT,lkokemohr,https://godotengine.org/asset-library/asset/47
Aseprite Animation Importer,Tools,MIT,nklbdev,https://godotengine.org/asset-library/asset/767
Aseprite Importer,Tools,MIT,LeonardMeagher2,https://godotengine.org/asset-library/asset/1763
Aseprite importers,Tools,MIT,nklbdev,https://godotengine.org/asset-library/asset/1880
AspectRatioResizeContainer,2D Tools,MIT,Iceflower,https://godotengine.org/asset-library/asset/2089
Asteroid Mania,Demos,MIT,FonderElite,https://godotengine.org/asset-library/asset/1505
Asynchronous Scene Loader,Scripts,MIT,NovemberDev,https://godotengine.org/asset-library/asset/460
Atlas Importer,Tools,MIT,Geequlim,https://godotengine.org/asset-library/asset/44
Audio Booth,Tools,MIT,Bitron,https://godotengine.org/asset-library/asset/373
Audio Device Changer Demo,Demos,MIT,Godot Engine,https://godotengine.org/asset-library/asset/525
Audio Generator Demo,Demos,MIT,Godot Engine,https://godotengine.org/asset-library/asset/526
Audio Mic Record Demo,Demos,MIT,Godot Engine,https://godotengine.org/asset-library/asset/527
Audio Spectrum Demo,Demos,MIT,Godot Engine,https://godotengine.org/asset-library/asset/528
Authoritative Server Client Framework (Fast-paced),Projects,MIT,sj,https://godotengine.org/asset-library/asset/1298
Auto Expand Property Inspector,Misc,MIT,LunatikGames,https://godotengine.org/asset-library/asset/2390
Auto Material Setup,Tools,GPLv3,Thane5,https://godotengine.org/asset-library/asset/1028
Auto Version Incrementor (Mono),Tools,MIT,jtsmithit,https://godotengine.org/asset-library/asset/3568
AutoMat plugin - automatically create and assign materials,3D Tools,MIT,Rytelier,https://godotengine.org/asset-library/asset/1660
AutoSaver Toggle for Godot Editor (C#),Tools,MIT,vrravalos,https://godotengine.org/asset-library/asset/3170
AutoSizeText,Tools,MIT,SpielmannSpiel,https://godotengine.org/asset-library/asset/3843
AutotileGenerator,2D Tools,CC0,ticial,https://godotengine.org/asset-library/asset/1109
AutotileGenerator3x3min,2D Tools,CC0,ticial,https://godotengine.org/asset-library/asset/1097
aviones (Planes),Demos,Proprietary,gamedevargentina,https://godotengine.org/asset-library/asset/3428
Awaiter await-all,Tools,MIT,Nights,https://godotengine.org/asset-library/asset/3592
Axie Starter 3D,Templates,MIT,xs0nhaaa,https://godotengine.org/asset-library/asset/2230
Background Loading Demo,Demos,MIT,Godot Engine,https://godotengine.org/asset-library/asset/530
Bad Words Filter,Scripts,MIT,rockgem,https://godotengine.org/asset-library/asset/1764
Base64 Manager,Projects,GPLv3,Mxt08,https://godotengine.org/asset-library/asset/921
BashInGodot,2D Tools,MIT,ThomasGysemans,https://godotengine.org/asset-library/asset/1761
Basic 3d Starter,Templates,MIT,Luking,https://godotengine.org/asset-library/asset/2242
Basic Dynamic Pool,Scripts,Unlicense,q8geek,https://godotengine.org/asset-library/asset/2412
Batch collisions,Tools,MIT,DiV4,https://godotengine.org/asset-library/asset/603
Bayer Dithering Shader,Shaders,CC-BY-4.0,n0cturne,https://godotengine.org/asset-library/asset/4005
Beholder,3D Tools,Apache-2.0,mburkard,https://godotengine.org/asset-library/asset/2311
Beholder,3D Tools,MIT,mburkard,https://godotengine.org/asset-library/asset/799
Better Processes,Tools,MPL-2.0,GreenFox,https://godotengine.org/asset-library/asset/1878
Better Terrain,2D Tools,Unlicense,Portponky,https://godotengine.org/asset-library/asset/1806
Better Terrain 4.2,2D Tools,Unlicense,Portponky,https://godotengine.org/asset-library/asset/2954
Better Terrain in Gaea,2D Tools,MIT,Portponky,https://godotengine.org/asset-library/asset/3432
Better UI,2D Tools,MIT,chris,https://godotengine.org/asset-library/asset/3022
Bilinear Filtered Scaling,Shaders,MIT,ntfwc,https://godotengine.org/asset-library/asset/270
BiomeGenerator,Demos,MIT,StarNightFlower,https://godotengine.org/asset-library/asset/2023
Blendot Path Exporter,Tools,MIT,everydev,https://godotengine.org/asset-library/asset/3652
Boids (2D/3D flocking),Tools,MIT,yusdacra,https://godotengine.org/asset-library/asset/3284
Bokeh Particle Depth of Field,Shaders,MIT,Bauxite,https://godotengine.org/asset-library/asset/206
BoneGizmo,3D Tools,MIT,thimenesup,https://godotengine.org/asset-library/asset/66
Bottom Panel Creator,Tools,MIT,ThemEmers,https://godotengine.org/asset-library/asset/450
BSON for Godot,Tools,MIT,Zakarya,https://godotengine.org/asset-library/asset/3730
BumpToNormal,Tools,MIT,Jitnaught,https://godotengine.org/asset-library/asset/2690
BurstParticles2D,2D Tools,MIT,ivysly,https://godotengine.org/asset-library/asset/1814
C# 3D Platform + State Machine - Demo,Demos,MIT,nonunknown,https://godotengine.org/asset-library/asset/593
C# Coroutines like Unity,Scripts,MIT,Peaky,https://godotengine.org/asset-library/asset/2144
Calendar Button,2D Tools,MIT,Tybobobo,https://godotengine.org/asset-library/asset/22
Camera Monitor,Tools,MIT,zaevi,https://godotengine.org/asset-library/asset/1132
Character generator importer tool,2D Tools,MIT,BananaHolograma,https://godotengine.org/asset-library/asset/2862
Character Outline,3D Tools,MIT,arlez80,https://godotengine.org/asset-library/asset/1147
CharacterCamera3D,Scripts,MIT,Robotnik,https://godotengine.org/asset-library/asset/1776
Chess,Projects,MIT,CatAClock,https://godotengine.org/asset-library/asset/1863
Chunk Manager,Templates,Apache-2.0,RabbitTheGentle,https://godotengine.org/asset-library/asset/3281
CineCam,3D Tools,MIT,GoldenPotato76,https://godotengine.org/asset-library/asset/3044
Classic 2D Shooter,Demos,MIT,kidscancode,https://godotengine.org/asset-library/asset/2151
Clientside Predictor (3D clientside prediction),Scripts,GPLv3,DennisHeine,https://godotengine.org/asset-library/asset/1154
Clipboard Panel,Tools,GPLv3,Thane5,https://godotengine.org/asset-library/asset/1023
Cloud shader,Shaders,MIT,arlez80,https://godotengine.org/asset-library/asset/797
CodeScope,Tools,MIT,CodeScope,https://godotengine.org/asset-library/asset/3550
CodeSimp,Misc,CC0,jamesofthetauri,https://godotengine.org/asset-library/asset/1227
COGITO : Immersive Sim Template,Templates,MIT,Phazor,https://godotengine.org/asset-library/asset/2536
Color Calibrator,3D Tools,CC0,MrMinimal,https://godotengine.org/asset-library/asset/1064
Comedot Ultimate Template [4.4],Templates,MIT,Syntaks.io,https://godotengine.org/asset-library/asset/3163
Comedot Ultimate Template [4.5],Templates,MIT,Syntaks.io,https://godotengine.org/asset-library/asset/3887
Compass,3D Tools,MIT,GameDevOne,https://godotengine.org/asset-library/asset/1466
Content Pack Manager,Tools,MIT,eumario,https://godotengine.org/asset-library/asset/3682
Control / Input / Action re-binding,Tools,MIT,jarlowrey,https://godotengine.org/asset-library/asset/848
Controller,Tools,MIT,guilherme.albino.francisco@gmail.com,https://godotengine.org/asset-library/asset/2961
CORE Framework,Tools,AGPLv3,JeremyStarTM,https://godotengine.org/asset-library/asset/2596
CReverter (Composite Reverter aka Undo/Redo),Scripts,MIT,svetogam,https://godotengine.org/asset-library/asset/3092
CRT Monitor Shader,Shaders,MIT,arlez80,https://godotengine.org/asset-library/asset/821
CSConnector (Contextual Signal/Setup Connector),Scripts,MIT,svetogam,https://godotengine.org/asset-library/asset/3471
CSGMesher,3D Tools,MIT,dbat,https://godotengine.org/asset-library/asset/2042
CSGToMesh,3D Tools,MIT,Jitnaught,https://godotengine.org/asset-library/asset/2685
Csharp Console,Tools,MIT,moliko,https://godotengine.org/asset-library/asset/2131
CSLocator (Contextual Service Locator),Scripts,MIT,svetogam,https://godotengine.org/asset-library/asset/2984
Curvature Shader,Shaders,MIT,NovemberDev,https://godotengine.org/asset-library/asset/459
Curve Terrain,3D Tools,MIT,pyscripter99,https://godotengine.org/asset-library/asset/2966
Custom Theme Overrides,Tools,MIT,Iceflower,https://godotengine.org/asset-library/asset/2091
Cybs Gameunit,Scripts,MIT,Cyberrebell,https://godotengine.org/asset-library/asset/1649
DaemonSide,Projects,MIT,AvianGames,https://godotengine.org/asset-library/asset/1731
Dance Game Demo,Demos,MIT,emirthab,https://godotengine.org/asset-library/asset/935
Dark Peace's BulletUpHell: BulletHell Engine (Godot 4),2D Tools,MIT,Dark Peace,https://godotengine.org/asset-library/asset/1801
Dark Peace's BulletUpHell: BulletHell Engine (Godot 4.2),2D Tools,MIT,Dark Peace,https://godotengine.org/asset-library/asset/2576
Dark Peace's BulletUpHell: BulletHell Engine (Godot4.1),2D Tools,MIT,Dark Peace,https://godotengine.org/asset-library/asset/2577
Data Folder Deleter,Scripts,GPLv3,Kutay GÃ¼ler,https://godotengine.org/asset-library/asset/673
Data Persistence - Easy Text File Saving & Reloading,Scripts,MIT,DeForrestStudios,https://godotengine.org/asset-library/asset/3624
Date Time Addon,Misc,MIT,Aendryr,https://godotengine.org/asset-library/asset/1157
DatePicker,Misc,MIT,chrisizeful,https://godotengine.org/asset-library/asset/3835
DebugGUI Graph,Tools,MIT,WeaverDev,https://godotengine.org/asset-library/asset/2020
DecalCo,3D Tools,MIT,Master_J_,https://godotengine.org/asset-library/asset/670
Deep Debug,Tools,MIT,Rytelier,https://godotengine.org/asset-library/asset/1446
Delta Rollback,Scripts,MIT,BimDav,https://godotengine.org/asset-library/asset/3107
Demo Platformer Game,Demos,GPLv3,CesarLeon,https://godotengine.org/asset-library/asset/353
Dialog and Quest System,Misc,MIT,miziziziz,https://godotengine.org/asset-library/asset/416
DigiVGamepad,Tools,MIT,digitecnology,https://godotengine.org/asset-library/asset/50
DigiVR,3D Tools,MIT,digitecnology,https://godotengine.org/asset-library/asset/49
Discord RPC,Misc,MIT,Abdera7mane,https://godotengine.org/asset-library/asset/1950
Discord.gd,Scripts,MIT,3ddelano,https://godotengine.org/asset-library/asset/1010
Dockable Output,Tools,MIT,Moonbrick Games,https://godotengine.org/asset-library/asset/499
Dolly Camera Controller,3D Tools,MIT,The Spoonful One,https://godotengine.org/asset-library/asset/3927
dolly-gd,Scripts,MIT,florianvazelle,https://godotengine.org/asset-library/asset/1345
Doodly Jumping,Demos,MIT,Clocktown,https://godotengine.org/asset-library/asset/277
Draftsman,Scripts,MIT,LuckyB45tard,https://godotengine.org/asset-library/asset/854
Draw Anywhere,Tools,MIT,3ddelano,https://godotengine.org/asset-library/asset/1184
DRPG Framework,Templates,MIT,Nyatsumi,https://godotengine.org/asset-library/asset/3329
DSCN Plugin,Tools,MIT,TwistedTwigleg,https://godotengine.org/asset-library/asset/274
DTDA ML - Machine Learning models,Scripts,Apache-2.0,DTDAGames,https://godotengine.org/asset-library/asset/3359
dual quaternion skinning demo,Demos,MIT,firebeetle,https://godotengine.org/asset-library/asset/2062
DualEditor,Tools,MIT,Meta-Ben,https://godotengine.org/asset-library/asset/3563
Dynamic Camera 2D,2D Tools,MIT,emirthab,https://godotengine.org/asset-library/asset/1590
Dynamic Gravity Kinematic Character,Demos,MIT,Felipe Moura,https://godotengine.org/asset-library/asset/546
Dynamic Split Screen Demo,Demos,MIT,Godot Engine,https://godotengine.org/asset-library/asset/541
DynamicWater2D,2D Tools,MIT,yusdacra,https://godotengine.org/asset-library/asset/3246
Easy Charts,Tools,MIT,fenix,https://godotengine.org/asset-library/asset/643
Easy Charts (4.x),Tools,MIT,fenix,https://godotengine.org/asset-library/asset/1898
Easy Savefiles,Misc,MIT,kanera,https://godotengine.org/asset-library/asset/3201
Easy Sheet Manager,Tools,MIT,nonunknown,https://godotengine.org/asset-library/asset/599
EasyBlend,Shaders,MIT,nobuyuki,https://godotengine.org/asset-library/asset/228
Editor debugger,Tools,MIT,Zylann,https://godotengine.org/asset-library/asset/295
Editor debugger,Tools,MIT,Zylann,https://godotengine.org/asset-library/asset/2003
Editor Discord Presence,Tools,MIT,3ddelano,https://godotengine.org/asset-library/asset/1166
editor-log-highlighter,Misc,MIT,ClumsyInker,https://godotengine.org/asset-library/asset/3810
Elgato Stream Deck Integration,Tools,MIT,BoyneGames,https://godotengine.org/asset-library/asset/1755
EngA - Engine Agnostic Framework,Tools,GPLv3,amarinat,https://godotengine.org/asset-library/asset/3623
EnhancedGridMap,3D Tools,MIT,DanchieGO,https://godotengine.org/asset-library/asset/4080
Export On Save,Tools,MIT,dsnopek,https://godotengine.org/asset-library/asset/1206
ExtendTimer,Tools,MIT,Keldowin,https://godotengine.org/asset-library/asset/2504
EzNet,Scripts,MIT,Royas,https://godotengine.org/asset-library/asset/4047
Ezpz Inspector,Tools,MIT,dilaura_exp,https://godotengine.org/asset-library/asset/2203
Fancy particles,Misc,MIT,k2kra,https://godotengine.org/asset-library/asset/1539
File Structure Export,Tools,MIT,Coffeeworld,https://godotengine.org/asset-library/asset/3678
FileSystemView,Tools,MIT,zaevi,https://godotengine.org/asset-library/asset/672
Finite Stack Machine,Scripts,MIT,Reefpirate,https://godotengine.org/asset-library/asset/237
Finite State Machine,Scripts,MIT,HexagonNico,https://godotengine.org/asset-library/asset/1332
Fire Bullets,2D Tools,MIT,MelonDev,https://godotengine.org/asset-library/asset/1990
Fire Shader,Shaders,MIT,arlez80,https://godotengine.org/asset-library/asset/840
First Person Controller,3D Tools,MIT,bdashraful,https://godotengine.org/asset-library/asset/310
First Person Controller (FPS),Scripts,MIT,Linko,https://godotengine.org/asset-library/asset/758
First person player,3D Tools,GPLv3,Mxt08,https://godotengine.org/asset-library/asset/917
Flawless 2D Shadows,2D Tools,MIT,Rokle,https://godotengine.org/asset-library/asset/2647
Flipbook Particles,3D Tools,AGPLv3,MrMinimal,https://godotengine.org/asset-library/asset/1278
FlowerInventory,Tools,MIT,BTOTHER,https://godotengine.org/asset-library/asset/1618
FlowerInventory - GD4,Tools,MIT,BTOTHER,https://godotengine.org/asset-library/asset/1754
Foamy Ocean,Shaders,MIT,creikey,https://godotengine.org/asset-library/asset/338
Follower,3D Tools,GPLv3,Mxt08,https://godotengine.org/asset-library/asset/915
FPS Controller (Mono),Scripts,MIT,ismailfilipov,https://godotengine.org/asset-library/asset/1553
FPS Hands,3D Tools,GPLv3,Bytez,https://godotengine.org/asset-library/asset/3715
Fractal Shaders,Shaders,MIT,Chaosus,https://godotengine.org/asset-library/asset/93
Free Look Camera,3D Tools,MIT,MarcPhi,https://godotengine.org/asset-library/asset/1317
Function Type Auto-complete,Tools,MIT,kahanscious,https://godotengine.org/asset-library/asset/3445
Game Base 2D,Templates,MIT,solenya,https://godotengine.org/asset-library/asset/2128
Gameboard SDK Plugin,Scripts,ISC,PixelThief,https://godotengine.org/asset-library/asset/2849
GD-OpenBlive,Tools,MIT,Fantety,https://godotengine.org/asset-library/asset/2626
GD-SimpleKnob,2D Tools,MIT,nobuyuki,https://godotengine.org/asset-library/asset/1246
GD-Sync | Advanced Multiplayer Plugin,Tools,BSD-2-Clause,GD-Sync,https://godotengine.org/asset-library/asset/2347
GDCastleDB,Tools,MIT,arlez80,https://godotengine.org/asset-library/asset/1547
GDCastleDB for Godot Engine 4,Scripts,MIT,arlez80,https://godotengine.org/asset-library/asset/1739
GDFormat,Tools,MIT,Bodo,https://godotengine.org/asset-library/asset/1057
GDGotm,Scripts,MIT,gotm.io,https://godotengine.org/asset-library/asset/620
GDLog,Tools,MIT,MagdielM,https://godotengine.org/asset-library/asset/2188
GDLuau: Luau C/C++ API bindings,Misc,MIT,Manonox,https://godotengine.org/asset-library/asset/2044
GDMosquitto,Tools,MIT,jferdelyi,https://godotengine.org/asset-library/asset/1523
GDMUT - C# Unit Tester,Tools,MIT,spycemyster,https://godotengine.org/asset-library/asset/2100
GDNative-Ropesim,2D Tools,MIT,mphe,https://godotengine.org/asset-library/asset/2334
gdods,Scripts,MIT,jelle,https://godotengine.org/asset-library/asset/297
GDPaho,Tools,MIT,jferdelyi,https://godotengine.org/asset-library/asset/2358
GDPeg,Scripts,MIT,arlez80,https://godotengine.org/asset-library/asset/680
GDPeg for Godot Engine 4,Scripts,MIT,arlez80,https://godotengine.org/asset-library/asset/1738
GDScript Input Field Plugin,Tools,MIT,blujai831,https://godotengine.org/asset-library/asset/2246
GDScript Macros,Tools,CC0,rainlizard,https://godotengine.org/asset-library/asset/992
GDScript OTP,Scripts,MIT,fenix,https://godotengine.org/asset-library/asset/1448
GDScript Parsers,Scripts,MIT,arlez80,https://godotengine.org/asset-library/asset/1335
GDScript Promise Async Utils,Scripts,MIT,kuruk-mm,https://godotengine.org/asset-library/asset/2351
GDScript syntax highlighting for GNU Nano text editor,Scripts,Unlicense,Rito12,https://godotengine.org/asset-library/asset/4000
gdunzip,Scripts,MIT,jelle,https://godotengine.org/asset-library/asset/298
Gemini Protocol,Scripts,MIT,mocha,https://godotengine.org/asset-library/asset/3220
GestureControlledCamera2D - Godot 3.x,2D Tools,MIT,mavcito,https://godotengine.org/asset-library/asset/542
GestureControlledCamera2D - Godot 4.x,2D Tools,MIT,mavcito,https://godotengine.org/asset-library/asset/1867
Ginq,Scripts,MIT,kaluluosi,https://godotengine.org/asset-library/asset/1752
Git SHA Project Setting,Tools,MIT,Iceflower,https://godotengine.org/asset-library/asset/1979
Git User Data,Tools,MIT,ACB_Gamez,https://godotengine.org/asset-library/asset/1533
Github To Itch,Tools,MIT,LeonardMeagher2,https://godotengine.org/asset-library/asset/1241
Gizmo3D,3D Tools,MIT,chrisizeful,https://godotengine.org/asset-library/asset/3392
Global position and rotation in Inspector,2D Tools,MIT,Login1990,https://godotengine.org/asset-library/asset/4044
GMUI,Tools,MIT,MoLuo,https://godotengine.org/asset-library/asset/1929
GO P2P,Misc,MIT,godotonline,https://godotengine.org/asset-library/asset/4046
GoBoxDialog,2D Tools,MIT,koris,https://godotengine.org/asset-library/asset/2452
Godiscord,Scripts,MIT,Shuflduf,https://godotengine.org/asset-library/asset/3562
GodoGram - Telegram API,Tools,MIT,Delalex,https://godotengine.org/asset-library/asset/2033
godot - backpacks,Projects,MIT,LHM,https://godotengine.org/asset-library/asset/2363
Godot .NET Scene-Oriented Unit Test,Tools,MIT,thremtopod,https://godotengine.org/asset-library/asset/2811
Godot 3D mesh slicing,3D Tools,MIT,S.Y.B.I.O.T.E,https://godotengine.org/asset-library/asset/938
Godot 4 interior mapping shader no cubemap,Shaders,MIT,Rytelier,https://godotengine.org/asset-library/asset/1564
"Godot 4.1 3D Terrain Plugin (heightmap, mapbox)",3D Tools,MIT,Sythelux,https://godotengine.org/asset-library/asset/1920
Godot Awesome Debug Print,Tools,MIT,AustinDoss,https://godotengine.org/asset-library/asset/1091
Godot Beautifier,Tools,MIT,cdpude,https://godotengine.org/asset-library/asset/1721
Godot Bone Editor,3D Tools,MIT,arlez80,https://godotengine.org/asset-library/asset/864
Godot Compass,Scripts,MIT,vishu,https://godotengine.org/asset-library/asset/1893
Godot Compass,Scripts,MIT,vishu,https://godotengine.org/asset-library/asset/2442
Godot Cookies,Scripts,MIT,Joy-less,https://godotengine.org/asset-library/asset/3698
Godot Coroutines (Unity like),Scripts,MIT,Apophis Software,https://godotengine.org/asset-library/asset/2263
Godot CQRS,Scripts,MIT,HELLBOY_HEAVEN,https://godotengine.org/asset-library/asset/3728
Godot Engine JWT,Scripts,MIT,fenix,https://godotengine.org/asset-library/asset/1104
Godot Essentials,Templates,MIT,BananaHolograma,https://godotengine.org/asset-library/asset/2819
Godot file auto-open,Tools,MIT,pahool,https://godotengine.org/asset-library/asset/3679
Godot Finder,Tools,Testing,josaid,https://godotengine.org/asset-library/asset/1382
Godot Game Settings,Tools,MIT,PunchablePlushie,https://godotengine.org/asset-library/asset/859
Godot GIF (4.1),Misc,MIT,b0tlanner,https://godotengine.org/asset-library/asset/2255
Godot GIF (4.4.1),Misc,MIT,b0tlanner,https://godotengine.org/asset-library/asset/3993
Godot Inheritance Dock,Tools,MIT,willnationsdev,https://godotengine.org/asset-library/asset/108
Godot MIDI Player,Scripts,MIT,arlez80,https://godotengine.org/asset-library/asset/240
Godot MIDI Player for Godot Engine 4,Scripts,MIT,arlez80,https://godotengine.org/asset-library/asset/1667
Godot Mod Loader,Misc,CC0,GodotModding,https://godotengine.org/asset-library/asset/1938
Godot Mod Player,Scripts,MIT,arlez80,https://godotengine.org/asset-library/asset/841
Godot Mod Player for Godot Engine 4,Scripts,MIT,arlez80,https://godotengine.org/asset-library/asset/1666
Godot Motion Matching,3D Tools,MIT,solenya,https://godotengine.org/asset-library/asset/3822
Godot Navigation Lite,3D Tools,MIT,miloslu,https://godotengine.org/asset-library/asset/610
Godot NExt (Node Extensions),Scripts,MIT,willnationsdev,https://godotengine.org/asset-library/asset/82
Godot Node FSM Plugin [Finite State Machine],Tools,MIT,sunetraalex,https://godotengine.org/asset-library/asset/383
Godot Open Dialogue,Projects,CC-BY-4.0,jsena,https://godotengine.org/asset-library/asset/302
Godot OpenHMD driver,Misc,MIT,Mux213,https://godotengine.org/asset-library/asset/213
Godot Palette Swap,2D Tools,MIT,hearto,https://godotengine.org/asset-library/asset/239
Godot Plugin Refresher,Tools,MIT,willnationsdev,https://godotengine.org/asset-library/asset/248
Godot Raymarching,Demos,MIT,bruce965,https://godotengine.org/asset-library/asset/2284
Godot Retro,Shaders,CC0,Ahopness,https://godotengine.org/asset-library/asset/1510
Godot Rich Presence,Scripts,MIT,Weslei,https://godotengine.org/asset-library/asset/304
Godot RL Agents,Tools,MIT,edbeeching,https://godotengine.org/asset-library/asset/1629
Godot Rollback Netcode (Godot 3),Scripts,MIT,dsnopek,https://godotengine.org/asset-library/asset/1165
Godot Rollback Netcode (Godot 4),Scripts,MIT,dsnopek,https://godotengine.org/asset-library/asset/2450
Godot Scene Exporter,Tools,MIT,Clancey,https://godotengine.org/asset-library/asset/3146
Godot Simple Text Menu,2D Tools,MIT,henriquelalves,https://godotengine.org/asset-library/asset/39
Godot Solana SDK,Tools,MIT,thomukas1,https://godotengine.org/asset-library/asset/3232
Godot Space Mouse,3D Tools,Testing,cybereality,https://godotengine.org/asset-library/asset/1383
Godot Stereo 3D,Shaders,MIT,cybereality,https://godotengine.org/asset-library/asset/1143
Godot Super Scaling,Shaders,MIT,cybereality,https://godotengine.org/asset-library/asset/1141
Godot Super Wakatime,Tools,MIT,BartoszB,https://godotengine.org/asset-library/asset/3484
Godot Text Interface Engine,2D Tools,MIT,henriquelalves,https://godotengine.org/asset-library/asset/26
Godot Text Interface Engine (Godot v3.x),2D Tools,MIT,henriquelalves,https://godotengine.org/asset-library/asset/181
Godot Texture Atlas,2D Tools,MIT,KAUTARUMA,https://godotengine.org/asset-library/asset/3815
Godot Timed Input,Tools,MIT,hatmix,https://godotengine.org/asset-library/asset/3168
Godot TOML Parser,Misc,MIT,benichi,https://godotengine.org/asset-library/asset/3582
Godot Touch Input Manager - Godot 3.x,Scripts,MIT,mavcito,https://godotengine.org/asset-library/asset/473
Godot Touch Input Manager - Godot 4.x,Scripts,MIT,mavcito,https://godotengine.org/asset-library/asset/1873
Godot Touch Input Manager Demo - Godot 3.x,Demos,MIT,mavcito,https://godotengine.org/asset-library/asset/554
Godot Touch Input Manager Demo - Godot 4.x,Demos,MIT,mavcito,https://godotengine.org/asset-library/asset/1868
Godot VN,2D Tools,MIT,Code_Man,https://godotengine.org/asset-library/asset/172
Godot WebXR Template,Templates,MIT,mâ‚‚,https://godotengine.org/asset-library/asset/1128
godot-dynamic-quality-scaling,3D Tools,GPLv3,thmsn1005,https://godotengine.org/asset-library/asset/2357
Godot-MirrorInstance,3D Tools,MIT,PHOBOSS,https://godotengine.org/asset-library/asset/491
Godot-MMD,Demos,MIT,sselecirpym,https://godotengine.org/asset-library/asset/3303
godot-queue,Tools,MIT,anyreso,https://godotengine.org/asset-library/asset/3972
Godot-Stuff ECS 3.2,Scripts,MIT,paulhocker,https://godotengine.org/asset-library/asset/750
Godot-Stuff ECS 3.3,Scripts,MIT,paulhocker,https://godotengine.org/asset-library/asset/1677
Godot-Stuff ECS 3.4,Scripts,MIT,paulhocker,https://godotengine.org/asset-library/asset/1679
Godot-Stuff ECS 3.5,Scripts,MIT,paulhocker,https://godotengine.org/asset-library/asset/1678
Godot-Stuff ECS 4.0,Scripts,MIT,paulhocker,https://godotengine.org/asset-library/asset/1680
Godot-Stuff Logger 3.0,Scripts,MIT,paulhocker,https://godotengine.org/asset-library/asset/363
Godot-Stuff Logger 3.1,Scripts,MIT,paulhocker,https://godotengine.org/asset-library/asset/362
Godot-Stuff Logger 3.2,Scripts,MIT,paulhocker,https://godotengine.org/asset-library/asset/618
Godot-Stuff Logger 3.3,Scripts,MIT,paulhocker,https://godotengine.org/asset-library/asset/1703
Godot-Stuff Logger 3.4,Scripts,MIT,paulhocker,https://godotengine.org/asset-library/asset/1704
Godot-Stuff Logger 3.5,Scripts,MIT,paulhocker,https://godotengine.org/asset-library/asset/1705
Godot-Stuff Logger 4.0,Scripts,MIT,paulhocker,https://godotengine.org/asset-library/asset/1688
Godot-Stuff Project Manager,Tools,MIT,paulhocker,https://godotengine.org/asset-library/asset/731
Godot-WeChatPay-Android-Plugin,Scripts,MIT,1079662992@qq.com,https://godotengine.org/asset-library/asset/3171
Godot4 LAN Servers Discovery (serversscan),Scripts,MIT,Nights,https://godotengine.org/asset-library/asset/2254
Godot4-Coroutine,Scripts,MIT,BimDav,https://godotengine.org/asset-library/asset/1726
GodotBLE,Tools,MIT,Fantety,https://godotengine.org/asset-library/asset/3439
GodotBoy GDExtention,Tools,MIT,GreenFox,https://godotengine.org/asset-library/asset/2920
GodotEnv,Misc,MIT,cuca,https://godotengine.org/asset-library/asset/626
GodotGPT,Tools,MIT,Jesper,https://godotengine.org/asset-library/asset/2643
GodotGPT,Tools,MIT,ecadz,https://godotengine.org/asset-library/asset/3871
GodotIRC,Tools,MIT,AlexHoratio,https://godotengine.org/asset-library/asset/1337
GodotMetaMaskLogin,Demos,MIT,NumDev2310,https://godotengine.org/asset-library/asset/3200
GoGodot,2D Tools,MIT,oranjoose,https://godotengine.org/asset-library/asset/235
Google Maps,Scripts,MIT,paperweights,https://godotengine.org/asset-library/asset/3042
Google Play Games Services Plugin for Godot,Tools,MIT,studioadriatic,https://godotengine.org/asset-library/asset/1151
Google Sheets as Database C#,Scripts,MIT,nonunknown,https://godotengine.org/asset-library/asset/482
Gopilot Assist,Tools,GPLv3,Smorty,https://godotengine.org/asset-library/asset/3852
Gopilot Utils (LLMs and embedding),Misc,MIT,Smorty,https://godotengine.org/asset-library/asset/3504
GPUNoiseTexture(2D/3D),Tools,MIT,2Retr0,https://godotengine.org/asset-library/asset/3572
Gravity Objects,3D Tools,MIT,Jummit,https://godotengine.org/asset-library/asset/263
GUI Drag And Drop Demo,Demos,MIT,Godot Engine,https://godotengine.org/asset-library/asset/133
GUI in 3D Demo,Demos,MIT,Godot Engine,https://godotengine.org/asset-library/asset/127
GUI Input Mapping Demo,Demos,MIT,Godot Engine,https://godotengine.org/asset-library/asset/131
GUI Rich Text/BBcode Demo,Demos,MIT,Godot Engine,https://godotengine.org/asset-library/asset/132
GUI Translation Demo,Demos,MIT,Godot Engine,https://godotengine.org/asset-library/asset/134
Gype,Tools,MIT,GodotHub,https://godotengine.org/asset-library/asset/3521
Hair Shader,Shaders,MIT,Bauxite,https://godotengine.org/asset-library/asset/168
HathoraHTTPRequest,Tools,MIT,arkelen,https://godotengine.org/asset-library/asset/2071
HathoraHTTPRequest,Tools,MIT,arkelen,https://godotengine.org/asset-library/asset/2075
HealthBar2D,2D Tools,MIT,vishu,https://godotengine.org/asset-library/asset/1611
HealthBar2D,Scripts,MIT,vishu,https://godotengine.org/asset-library/asset/1945
Hexagonal Grid Utils,Scripts,MIT,Tacure,https://godotengine.org/asset-library/asset/2682
HexGrid library for Godot 4.0+,2D Tools,MIT,HugoEnzo,https://godotengine.org/asset-library/asset/2292
Hexgrid Mono,Scripts,MIT,TheKrutz,https://godotengine.org/asset-library/asset/1116
Hide Private Properties,Tools,MIT,Iceflower,https://godotengine.org/asset-library/asset/1989
HighscoreManager,Scripts,MIT,kitchen-games,https://godotengine.org/asset-library/asset/989
How Collision and Layer Masks Works,Demos,MIT,comugodotbrasil,https://godotengine.org/asset-library/asset/177
HTML5 File Dialogs,Scripts,MIT,mocha,https://godotengine.org/asset-library/asset/2848
HTML5 Popups,Scripts,MIT,mocha,https://godotengine.org/asset-library/asset/2863
HTTPEventSource for Server Sent Events,Misc,MIT,DaGammla,https://godotengine.org/asset-library/asset/3316
Hunspell Spellchecker,Tools,MIT,brunogbrito,https://godotengine.org/asset-library/asset/3876
Icon Explorer,Tools,MIT,Iceflower,https://godotengine.org/asset-library/asset/2511
Icons Patcher,Tools,MIT,Iceflower,https://godotengine.org/asset-library/asset/1980
IdeaBoard,Tools,MIT,Folta,https://godotengine.org/asset-library/asset/1882
Import Cleaner,Tools,MIT,zaevi,https://godotengine.org/asset-library/asset/813
Importality,Tools,MIT,nklbdev,https://godotengine.org/asset-library/asset/2025
Improved Resource Picker,Tools,MIT,MakovWait,https://godotengine.org/asset-library/asset/1362
Improved Resource Picker 4.x,Tools,MIT,MakovWait,https://godotengine.org/asset-library/asset/2051
Inputty,Scripts,CC0,MxSophie,https://godotengine.org/asset-library/asset/2523
Instancing Demo,Demos,MIT,Godot Engine,https://godotengine.org/asset-library/asset/148
Interior Mapping Shader,Shaders,MIT,arlez80,https://godotengine.org/asset-library/asset/390
intro-gd,2D Tools,Testing,farhadierf,https://godotengine.org/asset-library/asset/1403
Inventory Demo with bags and chests,Demos,MIT,Rokle,https://godotengine.org/asset-library/asset/940
Inventory Example,Templates,MIT,hajster,https://godotengine.org/asset-library/asset/3824
Inventory Manager Asset,Tools,MIT,Escandiuzzi,https://godotengine.org/asset-library/asset/413
Joypads Demo / Tool,Demos,MIT,Godot Engine,https://godotengine.org/asset-library/asset/140
JSON Beautifier,Scripts,MPL-2.0,Yeldham,https://godotengine.org/asset-library/asset/157
JSON Schema validator,Scripts,MIT,sahedo.studio,https://godotengine.org/asset-library/asset/514
Kanban,Misc,MIT,SwePopper,https://godotengine.org/asset-library/asset/178
Kenney Spritesheet Importer,2D Tools,MIT,iseesharp83,https://godotengine.org/asset-library/asset/2875
Key Prompts System,Misc,MIT,cliveDev0413,https://godotengine.org/asset-library/asset/1324
Keychain,Scripts,MIT,Orama Interactive,https://godotengine.org/asset-library/asset/1350
Launchy,Tools,MIT,nobuyuki,https://godotengine.org/asset-library/asset/224
LDtk Importer,Tools,MIT,pttn40,https://godotengine.org/asset-library/asset/816
License Manager,Tools,MIT,Iceflower,https://godotengine.org/asset-library/asset/1969
LinuxLikeConsole,Tools,MIT,codot,https://godotengine.org/asset-library/asset/320
Loading Autoload Demo,Demos,MIT,Godot Engine,https://godotengine.org/asset-library/asset/529
Loading Scene Changer Demo,Demos,MIT,Godot Engine,https://godotengine.org/asset-library/asset/531
Loading with Threads Demo,Demos,MIT,Godot Engine,https://godotengine.org/asset-library/asset/144
LogDuck - Your Logging Buddy for Godot 4.x,Tools,MIT,zeeweasel,https://godotengine.org/asset-library/asset/2911
LogFox,Tools,MIT,Haiku,https://godotengine.org/asset-library/asset/3573
Loggie,Tools,MIT,ShivaShadowsong,https://godotengine.org/asset-library/asset/3382
LootLockerSDK,Tools,MIT,LootLocker,https://godotengine.org/asset-library/asset/3713
Ludare Godot,Scripts,MIT,Ludare,https://godotengine.org/asset-library/asset/3149
Majordomo,Tools,MIT,BenjaTK,https://godotengine.org/asset-library/asset/3278
Makefile Launcher,Tools,MIT,Samdze,https://godotengine.org/asset-library/asset/912
Mannequiny: Open 3D Mannequin,Templates,MIT,gdquest,https://godotengine.org/asset-library/asset/440
Map Generator Sample,Templates,MIT,CheapMeow,https://godotengine.org/asset-library/asset/1416
Marker2D,2D Tools,MIT,EmzyShmemzy,https://godotengine.org/asset-library/asset/3028
Material Modifier,Tools,GPLv3,Thane5,https://godotengine.org/asset-library/asset/1024
Material Modifier,Tools,GPLv3,Thane5,https://godotengine.org/asset-library/asset/1077
Maze Generator using TileMapLayer,Demos,MIT,megamichi,https://godotengine.org/asset-library/asset/3763
MeshBatcher,3D Tools,MIT,OrigamiPete,https://godotengine.org/asset-library/asset/869
MeshLibraryFrameInstance3D,3D Tools,MIT,martcarrefour,https://godotengine.org/asset-library/asset/3210
MessageBox,2D Tools,MIT,tlitookilakin,https://godotengine.org/asset-library/asset/696
MetaMultimesh3D,3D Tools,MIT,dbat,https://godotengine.org/asset-library/asset/2043
Midi Visualizer,Projects,MIT,50tu,https://godotengine.org/asset-library/asset/2049
Mind Game,Tools,MIT,AbnormalMapStudio,https://godotengine.org/asset-library/asset/3025
MiniScript C#,Scripts,MIT,raiyni,https://godotengine.org/asset-library/asset/2683
Mirror3D,Shaders,MIT,Joy-less,https://godotengine.org/asset-library/asset/3983
Mobile Sensors Demo,Demos,MIT,Godot Engine,https://godotengine.org/asset-library/asset/143
Mod Loader Dev Tool Brotato Content Loader Template,Tools,CC0,KANA,https://godotengine.org/asset-library/asset/1996
Mod.io For Godot,Scripts,MIT,Abel,https://godotengine.org/asset-library/asset/2241
Modifiers Node,Tools,MIT,Samdze,https://godotengine.org/asset-library/asset/457
Modular Components,Tools,MIT,ItsMeAlec,https://godotengine.org/asset-library/asset/2675
More Compression,Scripts,MIT,Hunam,https://godotengine.org/asset-library/asset/3608
More Effective Godot Coroutines (C#),Tools,MIT,WeaverDev,https://godotengine.org/asset-library/asset/1961
Mosaic Shader,Shaders,MIT,arlez80,https://godotengine.org/asset-library/asset/391
Motion Blur,Shaders,MIT,Bauxite,https://godotengine.org/asset-library/asset/211
Motion Blur 4.0,Shaders,MIT,Mantequilla,https://godotengine.org/asset-library/asset/1499
Movement 2: A sequel to 2D Platformer demos,Demos,MIT,TheoTheTorch,https://godotengine.org/asset-library/asset/1830
Movement 2: A sequel to 2D Platformer demos (3.5),Demos,MIT,TheoTheTorch,https://godotengine.org/asset-library/asset/1637
Movie Maker Timestamp,Tools,MIT,timkrief,https://godotengine.org/asset-library/asset/2878
Multi-Scene Editor,Tools,MIT,eruhlinteractive,https://godotengine.org/asset-library/asset/1325
MultiMesh Scatter,3D Tools,MIT,Arcane Energy,https://godotengine.org/asset-library/asset/1566
MultiMesh Scatter,3D Tools,MIT,Arcane Energy,https://godotengine.org/asset-library/asset/1569
Multiplayer Bomber Demo,Demos,MIT,Godot Engine,https://godotengine.org/asset-library/asset/139
Multiplayer FPS,Templates,MIT,wamiqurrehman,https://godotengine.org/asset-library/asset/666
Multiplayer Space Game,Demos,MIT,cobolfoo,https://godotengine.org/asset-library/asset/646
Multithreaded VisualServer Multimesh Grass,Demos,MIT,Robert7301201,https://godotengine.org/asset-library/asset/743
Multitouch Cubes Demo,Demos,MIT,Godot Engine,https://godotengine.org/asset-library/asset/141
Multitouch View Demo,Demos,MIT,Godot Engine,https://godotengine.org/asset-library/asset/142
MusicManager,Tools,MIT,cannon,https://godotengine.org/asset-library/asset/2661
NAP Map Generator,3D Tools,MIT,NAPSoftworks,https://godotengine.org/asset-library/asset/3910
Native Integration,Tools,MIT,nonunknown,https://godotengine.org/asset-library/asset/777
NativeLib,Tools,MIT,DrMoriarty,https://godotengine.org/asset-library/asset/824
Neural Network,Scripts,BSD-2-Clause,LikVis,https://godotengine.org/asset-library/asset/2429
Nobiax's Urban Assets,Misc,MIT,DevAtMe,https://godotengine.org/asset-library/asset/209
NobodyWho | Local LLMs for dialogue,Tools,EUPL-1.2,NobodyWho,https://godotengine.org/asset-library/asset/2886
Node Based Finite State Machine,Scripts,MIT,fubus,https://godotengine.org/asset-library/asset/1589
Node Based Finite State Machine 4,Scripts,MIT,fubus,https://godotengine.org/asset-library/asset/2555
Notes Tab,Tools,GPLv3,Yeldham,https://godotengine.org/asset-library/asset/261
OmniScale,Shaders,MIT,nobuyuki,https://godotengine.org/asset-library/asset/258
Onscreen Output,Tools,MIT,Maulve,https://godotengine.org/asset-library/asset/2266
Open External Editor,Misc,MIT,calviken,https://godotengine.org/asset-library/asset/173
Open Kanban,Tools,MIT,EXSPIRAVIT_1104,https://godotengine.org/asset-library/asset/1371
Open-World Archero,Demos,MIT,spastic,https://godotengine.org/asset-library/asset/562
OpenAI Assistant,Tools,MIT,Buri,https://godotengine.org/asset-library/asset/1758
OpenAI GPT Chat,Tools,MIT,FinePointCGI,https://godotengine.org/asset-library/asset/1779
OpenSimplexNoise Demo,Demos,MIT,Godot Engine,https://godotengine.org/asset-library/asset/533
Operations,Tools,MIT,chrisizeful,https://godotengine.org/asset-library/asset/3457
OptiScene,3D Tools,MIT,Smorty,https://godotengine.org/asset-library/asset/3150
Outline shader,Shaders,MIT,Ponas,https://godotengine.org/asset-library/asset/394
Packed UI for Jams,Misc,MIT,symbol24,https://godotengine.org/asset-library/asset/3314
PackRTC - P2P Multiplayer,Tools,MIT,maji,https://godotengine.org/asset-library/asset/3828
palette swap shader,Shaders,MIT,bonziraider,https://godotengine.org/asset-library/asset/464
Palette Swap Texture,2D Tools,MIT,theboyboy,https://godotengine.org/asset-library/asset/395
Palette Tools,Tools,MIT,RancidMilk,https://godotengine.org/asset-library/asset/1635
Palette Tools 4.2+,Tools,MIT,RancidMilk,https://godotengine.org/asset-library/asset/2436
Panku Console,Tools,MIT,k2kra,https://godotengine.org/asset-library/asset/1558
Particles2D+,Scripts,MIT,ACB_Gamez,https://godotengine.org/asset-library/asset/937
Path Tool,3D Tools,MIT,eerik,https://godotengine.org/asset-library/asset/1518
Pause and Save,Scripts,MIT,Linko,https://godotengine.org/asset-library/asset/759
Pause Demo,Demos,MIT,Godot Engine,https://godotengine.org/asset-library/asset/147
Pawns,Tools,MIT,guilherme.albino.francisco@gmail.com,https://godotengine.org/asset-library/asset/2960
Persistent ID,Tools,MIT,AdamNaghs,https://godotengine.org/asset-library/asset/4078
Phantom Camera,Tools,MIT,ramoks,https://godotengine.org/asset-library/asset/1822
Philips Hue Integration,Scripts,MIT,skooterkurt,https://godotengine.org/asset-library/asset/925
Phoenix Channels for Godot 3,Scripts,MIT,alfredbaudisch,https://godotengine.org/asset-library/asset/1843
Phoenix Channels for Godot 4,Scripts,MIT,alfredbaudisch,https://godotengine.org/asset-library/asset/1831
Pigdev Cutout Characters,Misc,MIT,pigdev,https://godotengine.org/asset-library/asset/183
Placeholder Search,Tools,MIT,lkokemohr,https://godotengine.org/asset-library/asset/90
Planetary Processing Multiplayer SDK,Tools,MIT,samsully,https://godotengine.org/asset-library/asset/3412
Platform Shooter,Demos,MIT,waffleawt,https://godotengine.org/asset-library/asset/2269
Platformer 2D,Demos,GPLv3,CesarLeon,https://godotengine.org/asset-library/asset/287
Platformer Pathfinding Enemy AI,2D Tools,MIT,Ron0Studios,https://godotengine.org/asset-library/asset/635
Playbyte Mirror,Tools,Testing,samnm,https://godotengine.org/asset-library/asset/1458
Playcademy,Scripts,MIT,hbauer,https://godotengine.org/asset-library/asset/3998
Player Controller,3D Tools,MIT,Sm0kEsOut,https://godotengine.org/asset-library/asset/3708
PlayerPrefs C#,Scripts,MIT,MarcWerk,https://godotengine.org/asset-library/asset/2291
Plexus Background,Templates,MIT,Spyrex,https://godotengine.org/asset-library/asset/687
Plugin Reloader,Tools,MIT,Iceflower,https://godotengine.org/asset-library/asset/3293
Polygon Counter,3D Tools,MIT,SinfulBobcat,https://godotengine.org/asset-library/asset/3794
Polygon2D Editor,2D Tools,MIT,shli,https://godotengine.org/asset-library/asset/2306
Polygon2d Generator,2D Tools,MIT,vyshliy,https://godotengine.org/asset-library/asset/790
PolygonCircleGen,3D Tools,MIT,Jitnaught,https://godotengine.org/asset-library/asset/2684
Polygonizer,2D Tools,MIT,sitiom,https://godotengine.org/asset-library/asset/720
Polygonizer,2D Tools,MIT,timoschwarzer,https://godotengine.org/asset-library/asset/75
Pong CS,Demos,MIT,MugenTwo,https://godotengine.org/asset-library/asset/493
Pong Multiplayer,Demos,MIT,Godot Engine,https://godotengine.org/asset-library/asset/138
Pong with C#,Demos,MIT,Godot Engine,https://godotengine.org/asset-library/asset/535
Pong with GDScript,Demos,MIT,Godot Engine,https://godotengine.org/asset-library/asset/121
Pong with VisualScript,Demos,MIT,Godot Engine,https://godotengine.org/asset-library/asset/136
Pong-based game template,Templates,MIT,Senopiece,https://godotengine.org/asset-library/asset/612
Post Effect Outline Shader,Shaders,MIT,arlez80,https://godotengine.org/asset-library/asset/902
Pretty Primitive,3D Tools,MIT,tomsart,https://godotengine.org/asset-library/asset/1319
Previewer_2D_3D,Tools,MIT,Amealky,https://godotengine.org/asset-library/asset/2543
ProCam2D - Godot 3.x,2D Tools,MIT,kalulu_games,https://godotengine.org/asset-library/asset/3072
ProCam2D - Godot 4.x,2D Tools,MIT,kalulu_games,https://godotengine.org/asset-library/asset/3071
Procedural Saver/Loader,Tools,Apache-2.0,Charlie W,https://godotengine.org/asset-library/asset/439
Procedural-Map-Generator,2D Tools,MIT,mihalysarolta-ubb,https://godotengine.org/asset-library/asset/2979
Projectiles2D,2D Tools,MIT,LisekGagatek,https://godotengine.org/asset-library/asset/1977
Projectiles2D,2D Tools,MIT,LisekGagatek,https://godotengine.org/asset-library/asset/2001
Prototype CSGs,3D Tools,CC0,Manonox,https://godotengine.org/asset-library/asset/3153
PythonScript,Scripts,MIT,touilleMan,https://godotengine.org/asset-library/asset/179
PythonScript-Pypy,Scripts,MIT,touilleMan,https://godotengine.org/asset-library/asset/192
QoL Camera,3D Tools,MIT,necauqua,https://godotengine.org/asset-library/asset/738
QR Code,2D Tools,MIT,Iceflower,https://godotengine.org/asset-library/asset/2090
Quality First Person Controller C#,3D Tools,MIT,Zakarya,https://godotengine.org/asset-library/asset/2892
Quality First Person Controller v2,3D Tools,MIT,Zakarya,https://godotengine.org/asset-library/asset/2418
Quick Script Change,Tools,MIT,disablak,https://godotengine.org/asset-library/asset/1622
QuickSettings,Tools,MIT,jmb462,https://godotengine.org/asset-library/asset/1222
QuickSettings,Tools,MIT,jmb462,https://godotengine.org/asset-library/asset/1223
Quicktweens,2D Tools,MIT,Cole Dingo,https://godotengine.org/asset-library/asset/3177
Quiver Analytics,Misc,MIT,amitQ,https://godotengine.org/asset-library/asset/2614
Quiver Leaderboards,Misc,MIT,amitQ,https://godotengine.org/asset-library/asset/2659
Quiver Player Accounts,Misc,MIT,amitQ,https://godotengine.org/asset-library/asset/2650
QuizNodes,Tools,MIT,MatiasVME,https://godotengine.org/asset-library/asset/205
Rabid Hole Punch,Tools,MIT,Rabid,https://godotengine.org/asset-library/asset/1052
Racing Cameras,3D Tools,MIT,skaruts,https://godotengine.org/asset-library/asset/3242
Radial Menu Control,2D Tools,MIT,Jesuisse,https://godotengine.org/asset-library/asset/3469
Random Audio Stream Player,Tools,MIT,timkrief,https://godotengine.org/asset-library/asset/651
Random Tiles Map Generator,Templates,MIT,portella0,https://godotengine.org/asset-library/asset/396
RandomTimer,Tools,MIT,Dritic,https://godotengine.org/asset-library/asset/1762
Recorder,Tools,MIT,henriquelalves,https://godotengine.org/asset-library/asset/220
ReCorner Correction,Scripts,MIT,SuperBenjaBros,https://godotengine.org/asset-library/asset/3969
RegEx (Regular Expressions) Demo,Demos,MIT,Godot Engine,https://godotengine.org/asset-library/asset/149
Remote port on Toolbar,Misc,MIT,spastic,https://godotengine.org/asset-library/asset/641
Remove Orphan UID,Tools,MIT,Iceflower,https://godotengine.org/asset-library/asset/3772
REPL - Read-Eval-Print Loop toplevel,Tools,AGPLv3,Beuc,https://godotengine.org/asset-library/asset/857
Resource Wrangler,Tools,MIT,dbat,https://godotengine.org/asset-library/asset/1994
Rhubarb Lip Sync Third Party Integration,2D Tools,MIT,AniMesuro,https://godotengine.org/asset-library/asset/659
RigidBody Auto Scaler,Tools,MIT,hmans,https://godotengine.org/asset-library/asset/1700
RNGTools,Tools,MIT,flyingpimonster,https://godotengine.org/asset-library/asset/830
Rope,2D Tools,MIT,Vlabo,https://godotengine.org/asset-library/asset/62
rpc-await,Scripts,MIT,dominiks,https://godotengine.org/asset-library/asset/1746
RTS 3D Camera,3D Tools,MIT,sehgel,https://godotengine.org/asset-library/asset/843
Run instance,Tools,MIT,GhostNr1,https://godotengine.org/asset-library/asset/269
Runtime Ogg Vorbis GDExtension,Tools,MIT,JTE,https://godotengine.org/asset-library/asset/2393
SAV Debug Console,Tools,MIT,CraigLubitz,https://godotengine.org/asset-library/asset/3053
Save and Load Template,Templates,MIT,Shargon,https://godotengine.org/asset-library/asset/1182
SaveNode,Tools,MIT,Runner,https://godotengine.org/asset-library/asset/1153
Scene scattering tool,3D Tools,MIT,Zylann,https://godotengine.org/asset-library/asset/380
Scene Transition,Tools,MIT,luisboch,https://godotengine.org/asset-library/asset/503
Scene Tree Folders,Tools,MIT,TheGrandJaggard,https://godotengine.org/asset-library/asset/4084
SceneTexture - Scene Thumbnail and Icon Generation,Tools,MIT,ydeltastar,https://godotengine.org/asset-library/asset/3506
SCML importer,Tools,MIT,wojciechm,https://godotengine.org/asset-library/asset/1742
SCML importer,Tools,MIT,wojciechm,https://godotengine.org/asset-library/asset/448
Screen Capture Demo,Demos,MIT,Godot Engine,https://godotengine.org/asset-library/asset/130
ScreenDebugger,Scripts,MIT,nonunknown,https://godotengine.org/asset-library/asset/564
Script Editor Docker,Tools,Unlicense,Cyber-Kun,https://godotengine.org/asset-library/asset/1796
Script Name On Top,Tools,MIT,rainlizard,https://godotengine.org/asset-library/asset/1530
ScriptWriter,Scripts,MIT,ACB_Gamez,https://godotengine.org/asset-library/asset/1411
SDF Font Demo,Demos,MIT,Godot Engine,https://godotengine.org/asset-library/asset/521
Search In Files Bar (SIFB),Tools,MIT,yonodusk,https://godotengine.org/asset-library/asset/3755
Selection Tools,Scripts,GPLv3,mohammedzero43,https://godotengine.org/asset-library/asset/811
Settings Manager,Tools,MIT,seimaaku,https://godotengine.org/asset-library/asset/3963
Shader for Transparent Water with Screen Space Reflections and Refraction,Shaders,MIT,marcelb,https://godotengine.org/asset-library/asset/2152
Shader Precompiler,Tools,MIT,CrushingJosch,https://godotengine.org/asset-library/asset/977
Side-Scrolling-Shooter,Templates,Proprietary,CatAClock,https://godotengine.org/asset-library/asset/3729
Simple Airplane Controller (models included!),3D Tools,MIT,matias.lavik,https://godotengine.org/asset-library/asset/2595
Simple Audio Manager,Misc,MIT,symbol24,https://godotengine.org/asset-library/asset/3276
Simple Character 3D,3D Tools,MIT,orial021,https://godotengine.org/asset-library/asset/3633
Simple Color Template Editor,Tools,MIT,DavidKBD,https://godotengine.org/asset-library/asset/776
Simple Concept Template: 2D Top-Down-Shooter,Templates,MIT,BosenCheng,https://godotengine.org/asset-library/asset/2460
Simple Concept Template: Main Menu,Templates,MIT,BosenCheng,https://godotengine.org/asset-library/asset/2578
Simple CRT Shader,2D Tools,MIT,henriquelalves,https://godotengine.org/asset-library/asset/38
Simple Free-Look Camera,Scripts,MIT,aloivmada,https://godotengine.org/asset-library/asset/701
Simple Free-Look Camera for Godot 4,Scripts,MIT,AlanRichard,https://godotengine.org/asset-library/asset/1561
Simple Normal Ocean,Shaders,MIT,creikey,https://godotengine.org/asset-library/asset/402
Simple Online Multiplayer Networking,Templates,MIT,Linko,https://godotengine.org/asset-library/asset/755
simple random position generator,Scripts,MIT,mo,https://godotengine.org/asset-library/asset/3468
Simple Scene Manager,Tools,MIT,symbol24,https://godotengine.org/asset-library/asset/3287
Simple Skybox,3D Tools,MIT,Chaosus,https://godotengine.org/asset-library/asset/165
Simple Test Harness,Tools,Apache-2.0,Aendawyn,https://godotengine.org/asset-library/asset/1675
Simple-First-Person-Controller,Scripts,MIT,Linko,https://godotengine.org/asset-library/asset/3882
SimpleBoards: Free Leaderboard Service,Tools,MIT,simpleboards,https://godotengine.org/asset-library/asset/3571
SimpleDialogueBox,Misc,MIT,g0zar,https://godotengine.org/asset-library/asset/227
SimpleState,Scripts,MIT,AuraTheEnby,https://godotengine.org/asset-library/asset/1578
Singleton Scripts Shortcut,Tools,CC0,rainlizard,https://godotengine.org/asset-library/asset/991
Sketchfab,3D Tools,MIT,Sketchfab,https://godotengine.org/asset-library/asset/182
Slime Shooter - Godot & FOSS Learning Project,Projects,GPLv3,FreedCreative,https://godotengine.org/asset-library/asset/544
Smart Graphics Settings,Tools,MIT,lucasbecker.dev,https://godotengine.org/asset-library/asset/3814
SmoothScroll,Scripts,MIT,Spyrex,https://godotengine.org/asset-library/asset/1399
SmoothScroll,Scripts,MIT,Spyrex,https://godotengine.org/asset-library/asset/1017
Snake,Projects,MIT,Xydium,https://godotengine.org/asset-library/asset/15
Snap Placement System,Templates,MIT,kinami,https://godotengine.org/asset-library/asset/2226
Snappy,3D Tools,MIT,jgillich,https://godotengine.org/asset-library/asset/1357
Snippets Editor Plugin,Tools,MIT,gswashburn,https://godotengine.org/asset-library/asset/187
Snopek State Machine,Scripts,MIT,dsnopek,https://godotengine.org/asset-library/asset/885
SoftNoise,Scripts,MIT,perdugames,https://godotengine.org/asset-library/asset/80
Sokoban Cube,Demos,MIT,To-Fujita,https://godotengine.org/asset-library/asset/639
Sound Manager,Tools,MIT,Xecestel,https://godotengine.org/asset-library/asset/361
SparrowAtlas Editor,Tools,MIT,Pockui,https://godotengine.org/asset-library/asset/1050
Spatial Gardener,3D Tools,MIT,dreadpon,https://godotengine.org/asset-library/asset/1375
SPIRV Importer,Shaders,MIT,teamclouday,https://godotengine.org/asset-library/asset/2154
Sprite Baker,2D Tools,MIT,DwanaGames,https://godotengine.org/asset-library/asset/370
Sprite Mask,2D Tools,MIT,Quantum Code,https://godotengine.org/asset-library/asset/652
Sprite Quick Offset,2D Tools,GPLv3,Ken Ichi,https://godotengine.org/asset-library/asset/264
Sprite2D Rect Editor,2D Tools,MIT,andrej88,https://godotengine.org/asset-library/asset/2010
SpritesheetFromFiles,Tools,MIT,DavidKBD,https://godotengine.org/asset-library/asset/789
Squiggles Core 4X,Scripts,MIT,QueenOfSquiggles,https://godotengine.org/asset-library/asset/2142
Stair-stepping Demo,Demos,MIT,dwd_waver,https://godotengine.org/asset-library/asset/2481
Start.io Godot Android Plugin,Scripts,MIT,fernan2cas96,https://godotengine.org/asset-library/asset/3819
State Graph,Tools,MIT,BabaDesBois,https://godotengine.org/asset-library/asset/1355
State Machine,Scripts,MIT,ItsMeAlec,https://godotengine.org/asset-library/asset/2505
State Machine for Platformer Games,Demos,GPLv3,CesarLeon,https://godotengine.org/asset-library/asset/345
Statechart Sharp: a state machine plugin,Tools,MIT,LGWCP,https://godotengine.org/asset-library/asset/2688
Steam Template,Templates,CC0,malco,https://godotengine.org/asset-library/asset/3328
"Sticky Scribe - A flexible TODO list, task manager, bug tracker, and notes tool for Godot 3",Tools,MIT,ace24713,https://godotengine.org/asset-library/asset/4048
"Sticky Scribe - A flexible TODO list, task manager, bug tracker, and notes tool for Godot 4",Tools,MIT,ace24713,https://godotengine.org/asset-library/asset/4027
STN LCD-esque Shader,Shaders,MIT,arlez80,https://godotengine.org/asset-library/asset/820
Stopwatch,Tools,MIT,graskaas,https://godotengine.org/asset-library/asset/322
Stopwatch,Tools,MIT,GustavoLR548,https://godotengine.org/asset-library/asset/2407
Storage Manager,Scripts,MIT,DavidKBD,https://godotengine.org/asset-library/asset/785
String utilities,Projects,GPLv3,Mxt08,https://godotengine.org/asset-library/asset/927
Stylish Menu Demo,Projects,MIT,Cole Dingo,https://godotengine.org/asset-library/asset/3176
SubViewportContainerStretch,Scripts,MIT,Royerson,https://godotengine.org/asset-library/asset/2099
SuperChart-draggable&zoomable,2D Tools,MIT,DrunkBull,https://godotengine.org/asset-library/asset/1440
SuperLightning,2D Tools,MIT,DrunkBull,https://godotengine.org/asset-library/asset/1030
Sweep,2D Tools,Testing,derinasir,https://godotengine.org/asset-library/asset/1456
Switch Manager,Tools,MIT,ItsMeAlec,https://godotengine.org/asset-library/asset/2634
TableDB,Scripts,MIT,GeCreator,https://godotengine.org/asset-library/asset/1445
Taffer's Loader,Scripts,CC-BY-SA-4.0,Taffer,https://godotengine.org/asset-library/asset/3078
Taffer's Logger,Scripts,CC-BY-SA-4.0,Taffer,https://godotengine.org/asset-library/asset/3061
Tappy Plane,Demos,GPLv3,CesarLeon,https://godotengine.org/asset-library/asset/272
TCG Layout (.NET only),Templates,MIT,Jaete,https://godotengine.org/asset-library/asset/3378
Telegram Bot API,Misc,MIT,fenix,https://godotengine.org/asset-library/asset/1072
Template for Hole.io style games,Templates,MIT,Go3D,https://godotengine.org/asset-library/asset/1014
Template for pathfinding games,Templates,MIT,xolatgames,https://godotengine.org/asset-library/asset/3262
TemplateSaver,Tools,GPLv2,D0RYU,https://godotengine.org/asset-library/asset/2663
Terrain Editor,3D Tools,MIT,Zylann,https://godotengine.org/asset-library/asset/4
Texture Progress of Subunits,Misc,MIT,jarlowrey,https://godotengine.org/asset-library/asset/225
TextureButtonColored,2D Tools,MIT,Iceflower,https://godotengine.org/asset-library/asset/2092
"TexturePacker Importer (SpriteSheet, AtlasTexture)",2D Tools,MIT,CodeAndWeb,https://godotengine.org/asset-library/asset/1503
"TexturePacker Importer (SpriteSheet, AtlasTexture, TileSet) for Godot 3",2D Tools,MIT,CodeAndWeb,https://godotengine.org/asset-library/asset/169
"TexturePacker Importer (SpriteSheet, AtlasTexture, TileSet) for Godot 3.5",2D Tools,MIT,CodeAndWeb,https://godotengine.org/asset-library/asset/2072
Third Person Controller,Templates,MIT,waffleawt,https://godotengine.org/asset-library/asset/2268
Third Person Controller,3D Tools,MIT,sombresonge,https://godotengine.org/asset-library/asset/251
ThrowOut,3D Tools,MIT,tomsart,https://godotengine.org/asset-library/asset/2603
TileSetCutter,2D Tools,MIT,G-Rom,https://godotengine.org/asset-library/asset/109
Todo Cards,Tools,MIT,MounirTohami,https://godotengine.org/asset-library/asset/1167
TODO Manager (Godot 3.x),Tools,MIT,OrigamiPete,https://godotengine.org/asset-library/asset/768
TODO Manager (Godot 4),Tools,MIT,OrigamiPete,https://godotengine.org/asset-library/asset/1327
Toggle Code Generation,Tools,MIT,zaevi,https://godotengine.org/asset-library/asset/679
TortoiseHg Mercurial Integration,Tools,MIT,lkokemohr,https://godotengine.org/asset-library/asset/46
Tracer,Scripts,GPLv3,wyvernbw,https://godotengine.org/asset-library/asset/2338
Tracery,Scripts,Apache-2.0,Althar93,https://godotengine.org/asset-library/asset/388
TrailMesh,3D Tools,MIT,tcmug,https://godotengine.org/asset-library/asset/2145
Transition Type Demo,Demos,MIT,k2kra,https://godotengine.org/asset-library/asset/872
Translation editor,Tools,MIT,Zylann,https://godotengine.org/asset-library/asset/284
TrenchBroom Loader,3D Tools,MIT,Miss,https://godotengine.org/asset-library/asset/1265
Twin Stick 2D Shoot Em Up,Templates,Proprietary,CatAClock,https://godotengine.org/asset-library/asset/1659
Typed Dictionary NET,Tools,MIT,PattyHoswell,https://godotengine.org/asset-library/asset/2571
UI-Expander,Tools,MIT,omid3098,https://godotengine.org/asset-library/asset/2364
UniParticles3D,3D Tools,MIT,danielsnd,https://godotengine.org/asset-library/asset/3741
unirest gdscript,Scripts,MIT,fenix,https://godotengine.org/asset-library/asset/1413
Universal Save/Load System,Scripts,MIT,c64cosmin,https://godotengine.org/asset-library/asset/1655
Useful Shader Nodes for Godot 4,Shaders,MIT,AbbysalKig,https://godotengine.org/asset-library/asset/1914
usefulScripts,Misc,MIT,jrkb,https://godotengine.org/asset-library/asset/3519
Vehicle Controller 2D,Tools,MIT,Tybobobo,https://godotengine.org/asset-library/asset/71
vim-motion,Tools,MIT,wovrik,https://godotengine.org/asset-library/asset/3127
Vircle,Tools,MIT,Smorty,https://godotengine.org/asset-library/asset/2950
Virtual Analog,Tools,MIT,CSGames18,https://godotengine.org/asset-library/asset/355
Visual Behavior Tree,Tools,MIT,fian46,https://godotengine.org/asset-library/asset/725
Visual Script Circle Pop Demo,Demos,MIT,Godot Engine,https://godotengine.org/asset-library/asset/137
Visual Script Multitouch View Demo,Demos,MIT,Godot Engine,https://godotengine.org/asset-library/asset/135
Visual Shader Derive Z Node,Shaders,MIT,Foyezes,https://godotengine.org/asset-library/asset/3650
Visual Shader Height Blend Node,Shaders,MIT,Foyezes,https://godotengine.org/asset-library/asset/3649
Visual Shader Normal Combine Node,Shaders,MIT,Foyezes,https://godotengine.org/asset-library/asset/3639
Visual Shader Normal Strength Node,Shaders,MIT,Foyezes,https://godotengine.org/asset-library/asset/3799
Visual Shader Parallax Mapping Node,Shaders,MIT,Foyezes,https://godotengine.org/asset-library/asset/3800
Visual Shader Pixel Normal World Node,Shaders,MIT,Foyezes,https://godotengine.org/asset-library/asset/3801
Visual Shader UV Manipulation Node,Shaders,MIT,Foyezes,https://godotengine.org/asset-library/asset/3648
Visual Shader UV Nodes Pack,Shaders,MIT,Foyezes,https://godotengine.org/asset-library/asset/3806
Visual Shader Vector Transform Node,Shaders,MIT,Foyezes,https://godotengine.org/asset-library/asset/3792
VOID,Demos,GPLv3,dbiton,https://godotengine.org/asset-library/asset/278
Volume Sliders (Singleton example),Templates,MIT,ManuelZ,https://godotengine.org/asset-library/asset/1363
Volumetric Fog,Demos,MIT,Bauxite,https://godotengine.org/asset-library/asset/309
VoronoiShatter - Procedurally fracture 3D meshes,3D Tools,MIT,woollyone,https://godotengine.org/asset-library/asset/3918
VoxelOctree,3D Tools,MIT,BraindeadBZH,https://godotengine.org/asset-library/asset/174
Vpainter,3D Tools,MIT,NX7R,https://godotengine.org/asset-library/asset/1372
VR Tools,3D Tools,MIT,kiselev.sereja,https://godotengine.org/asset-library/asset/839
VRM Importer and MToon Shader - Humanoid 3d Avatar Model Format,3D Tools,MIT,V-Sekai,https://godotengine.org/asset-library/asset/964
VRM Importer for 3D Avatars and MToon Shader,3D Tools,MIT,V-Sekai,https://godotengine.org/asset-library/asset/2031
WAD Level Loader,Scripts,MIT,Chaosus,https://godotengine.org/asset-library/asset/95
WAT - Unit Testing Framework,Tools,MIT,CodeDariganIE,https://godotengine.org/asset-library/asset/351
WAT Unit Testing Framework,Tools,MIT,CodeDariganIE,https://godotengine.org/asset-library/asset/495
WAT Unit Testing Framework (For Godot Mono),Tools,MIT,CodeDariganIE,https://godotengine.org/asset-library/asset/948
Water shader,Shaders,GPLv3,faculezcano,https://godotengine.org/asset-library/asset/321
Waypoint Map,Misc,MIT,vertexarray,https://godotengine.org/asset-library/asset/815
WCSpawnPool,Tools,MIT,nonchip,https://godotengine.org/asset-library/asset/3050
Weather System,3D Tools,MIT,matias.lavik,https://godotengine.org/asset-library/asset/2601
WebRTC and Nakama addon,Scripts,MIT,dsnopek,https://godotengine.org/asset-library/asset/884
WebRTC Minimal Demo,Demos,MIT,Godot Engine,https://godotengine.org/asset-library/asset/536
WebRTC Signaling Demo,Demos,MIT,Godot Engine,https://godotengine.org/asset-library/asset/537
WebSocket Chat Demo,Demos,MIT,Godot Engine,https://godotengine.org/asset-library/asset/538
WebSocket Minimal Demo,Demos,MIT,Godot Engine,https://godotengine.org/asset-library/asset/539
Websocket Multiplayer Demo,Demos,MIT,Godot Engine,https://godotengine.org/asset-library/asset/540
Weeping Angel Example,Demos,CC0,Bypell,https://godotengine.org/asset-library/asset/2408
Window Management Demo,Demos,MIT,Godot Engine,https://godotengine.org/asset-library/asset/145
WindowsV2,Misc,MIT,ecadz,https://godotengine.org/asset-library/asset/3870
WIP 0.5 - Abstract State Machine Graphic (ASM),Tools,MIT,nonunknown,https://godotengine.org/asset-library/asset/566
World of Alpheratz (Platformer Demo),Demos,MIT,k2kra,https://godotengine.org/asset-library/asset/1874
WPGTK Theme,Misc,MIT,bellsworne,https://godotengine.org/asset-library/asset/3630
xBRZ Screen-Filter,Shaders,CC0,LanzaSchneider,https://godotengine.org/asset-library/asset/853
XMLReader,Tools,MIT,ACB_Gamez,https://godotengine.org/asset-library/asset/1563
XR Browser (XR Fragments compatible),Templates,MPL-2.0,coderofsalvation,https://godotengine.org/asset-library/asset/2995
XRController Midi Player,Tools,MIT,Cyberrebell,https://godotengine.org/asset-library/asset/1536
XSM 2.0 - eXtended State Machine,Tools,MIT,atn,https://godotengine.org/asset-library/asset/1504
XSM 4,Tools,MIT,atn,https://godotengine.org/asset-library/asset/1546
XSM: eXtended State Machine,Tools,MIT,atn,https://godotengine.org/asset-library/asset/769
Xsolla SDK,Scripts,BSD-3-Clause,spaceship,https://godotengine.org/asset-library/asset/2662
Yamms - Yet another MultiMesh Scatter,3D Tools,MIT,Mattiny,https://godotengine.org/asset-library/asset/1736
Your Buil,Tools,MIT,svetogam,https://godotengine.org/asset-library/asset/3436
YouTube Sub Counter,Tools,MIT,Jesper,https://godotengine.org/asset-library/asset/928
YouTube's button effect,Templates,MIT,Spyrex,https://godotengine.org/asset-library/asset/929
Zalance SDK,Tools,MIT,Zalance,https://godotengine.org/asset-library/asset/2972
Zone Area2D Editor,2D Tools,MIT,xPheRe,https://godotengine.org/asset-library/asset/282
Zoomy,2D Tools,MIT,nobuyuki,https://godotengine.org/asset-library/asset/186
[DEPRECATED] Blockchain SDK by Enjin [DEPRECATED],Tools,Apache-2.0,Enjin,https://godotengine.org/asset-library/asset/607
